"po_id","po_number","po_date","company_id","division_id","po_status","vendor_id","vendor_address_id","po_line_number","spend_category","quantity ","unit_amount","Currency","Total_line_amount","Spend Description","Creation_date"
"30000","PO101","03-Jan-2024","1","10","Approved","1001","10002","1","Software/License Purchase","1","30000","CAD","30000","Cloud Storage","02-Jan-2024"
"30001","PO102","16-Feb-2024","1","20","Approved","1002","10003","1","Software/License Purchase","1","45000","USD","45000","Youtube Enterprise Data Access","10-Feb-2024"
"30002","PO103","23-Mar-2024","1","30","Approved","1003","10004","1","Hardware Purchase","5","3000","USD","15000","Mac Book Pro Purchase","25-Mar-2024"
"30002","PO103","23-Mar-2024","1","30","Approved","1003","10004","2","Hardware Purchase","7","1500","USD","10500","iPhone Purchase","25-Mar-2024"
"30003","PO104","15-Apr-2024","1","40","Cancelled","1004","10006","1","Hardware Purchase","30","700","USD","21000","Meta Quest","10-Apr-2024"
"30004","PO105","19-Apr-2024","1","50","Approved","1008","10011","1","Legal services","1","50000","USD","50000","Annual Contract Renewal","20-Apr-2024"
"30005","PO106","17-May-2024","1","60","Approved","1006","10009","1","Marketing Campaign","1","67000","USD","67000","campaign targeting Youtube Content creators","18-May-2024"
"30006","PO107","18-Jun-2024","1","10","Approved","1007","10010","1","Software/License Purchase","1","25000","USD","25000","GSuite Half Yearly renewal","18-Jun-2024"
"30007","PO108","16-Jul-2024","1","20","Cancelled","1005","10008","1","Hardware Purchase","10","25000","USD","250000","NVIDIA Quantum 2 InfiniBand","16-Jul-2024"
"30008","PO109","1-Aug-2024","1","30","Approved","1009","10012","1","Auditing","1","45000","USD","45000","Q2 Auditing","1-Aug-2024"
"30009","PO110","16-Sep-2024","1","40","Approved","1001","10002","1","Contingent Workforce","2","8000","CAD","16000","Contingent workforce Hiring cost","16-Sep-2024"
"30010","PO111","31-Oct-2024","1","50","Approved","1008","10011","1","Legal services","1","5000","USD","5000","New Company Merger Documentation","31-Oct-2024"
"30011","PO112","5-Nov-2024","1","60","Approved","1003","10011","1","Marketing Campaign","1","23000","USD","23000","2025 campaign for Engineers","5-Nov-2024"
"30012","PO113","12-Dec-2024","1","60","Approved","1004","10006","1","Marketing Campaign","1","20000","USD","20000","2025 Campaign for Whatsapp","12-Dec-2024"
"30013","PO114","03-Jan-2024","2","10","Approved","1001","10002","1","Software/License Purchase","1","24000","CAD","24000","Cloud Storage","03-Jan-2024"
"30014","PO115","16-Feb-2024","2","20","Approved","1002","10003","1","Software/License Purchase","1","35000","USD","35000","Youtube Enterprise Data Access","16-Feb-2024"
"30015","PO116","23-Mar-2024","2","30","Approved","1003","10004","1","Hardware Purchase","5","4000","USD","20000","Mac Book Pro Purchase","23-Mar-2024"
"30015","PO116","23-Mar-2024","2","30","Approved","1003","10004","2","Hardware Purchase","7","1100","USD","7700","iPhone Purchase","23-Mar-2024"
"30016","PO118","19-Apr-2024","2","50","Approved","1008","10011","1","Legal services","1","45000","USD","45000","Annual Contract Renewal","19-Apr-2024"
"30017","PO119","17-May-2024","2","60","Approved","1006","10009","1","Marketing Campaign","1","70000","USD","70000","campaign targeting Youtube Content creators","17-May-2024"
"30018","PO120","18-Jun-2024","2","10","Approved","1007","10010","1","Software/License Purchase","1","22000","USD","22000","GSuite Half Yearly renewal","18-Jun-2024"
"30019","PO121","16-Jul-2024","2","20","Approved","1005","10008","1","Hardware Purchase","3","25000","USD","75000","NVIDIA Quantum 2 InfiniBand","16-Jul-2024"
"30020","PO122","1-Aug-2024","2","30","Approved","1009","10012","1","Auditing","1","45000","USD","45000","Q2 Auditing","30-Jul-2024"
"30021","PO123","16-Sep-2024","2","40","Approved","1001","10002","1","Contingent Workforce","1","8000","CAD","8000","Contingent workforce Hiring cost","16-Sep-2024"
"30022","PO124","31-Oct-2024","2","50","Approved","1008","10011","1","Legal services","1","5000","USD","5000","New Company Merger Documentation","31-Oct-2024"
"30023","PO125","5-Nov-2024","2","60","Approved","1003","10011","1","Marketing Campaign","1","23000","USD","23000","2025 campaign for Engineers","5-Nov-2024"
"30024","PO126","31-Dec-2024","2","60","Approved","1004","10006","1","Marketing Campaign","1","20000","USD","20000","2025 Campaign for Whatsapp","1-Jan-2025"
"30025","PO127","05-Jan-2025","1","10","Approved","1001","10002","1","Software/License Purchase","1","30000","CAD","30000","Cloud Storage","05-Jan-2025"